Model,MAE,RMSE,R²
Naive Mean,8.502586850789495,10.624753779548222,-0.000498680899890136
Neural Network,1.4349051624106683,2.0230264698716365,0.9637271314478179
