Model,MAE,RMSE,R²
Naive Mean,8.502586850789495,10.624753779548222,-0.000498680899890136
Neural Network,1.150038592733979,2.5629114888704336,0.9417835140094508
