Model,MAE,RMSE,R²
Naive Mean,8.502586850789495,10.624753779548222,-0.000498680899890136
Neural Network,1.4395415618113725,2.028598757865935,0.9673752577298396
